1,SANSÓN, SÁEZ, GARRIDO
2,MARCIAL, HIDALGO, VICENTE
3,IRENE, NIETO, GARRIDO
4,JAUME, SERRANO, TORRES
5,ABDÓN, DELGADO, DOMÍNGUEZ
6,IRENE, MARÍN, REY
7,ELENA, MUÑOZ, BENÍTEZ
8,RAFAEL, HERRERA, MARÍN
9,ONÉSIMO, BRAVO, DÍAZ
10,JOSEFA, FERNÁNDEZ, NÚÑEZ
11,FABIO, PASTOR, PRIETO
12,FÉLIX, ROMÁN, CRESPO
13,BARTOLOMÉ, REYES, SANTANA
14,PATRICIO, ARIAS, TORRES
15,FRANCISCA, IBÁÑEZ, HIDALGO
16,GERMÁN, AGUILAR, ÁLVAREZ
17,VICTORIO, PARRA, GALLARDO
18,EMILIANO, PASTOR, IBÁÑEZ
19,ÁLVARO, MORA, SERRANO
20,MARGARITA, SERRANO, RAMOS
21,ADALBERTO, CRUZ, GONZÁLEZ
22,FRANCISCO, VEGA, FUENTES
23,JAIME, CARMONA, NIETO
24,ROGELIO, GONZÁLEZ, CALVO
25,HOMERO, DÍEZ, MONTORO
26,GLORIA, CANO, RODRÍGUEZ
27,MARTA, GÓMEZ, CABALLERO
28,LUCRECIA, MEDINA, CABRERA
29,CEFERINO, CASTILLO, CABRERA
30,PÍO, FERNÁNDEZ, CORTÉS
31,JOEL, MORENO, SÁNCHEZ
32,ELISEO, SERRANO, CASTILLO
33,VÍCTOR, CRESPO, SUÁREZ
34,ISABEL, DÍAZ, MARTÍN
35,FAUSTO, CARMONA, MARÍN
36,CONCEPCIÓN, DÍAZ, MARÍN
37,RAQUEL, FERRER, SERRANO
38,MARIANO, MUÑOZ, TORRES
39,FABIO, HERRERO, SANTIAGO
40,EMILIANO, JIMÉNEZ, ORTEGA
41,LUZ, REYES, MONTERO
42,MARC, FERRER, VÁZQUEZ
43,ARTURO, AGUILAR, GUERRERO
44,BERNARDO, GALLEGO, CANO
45,MARGARITA, CRESPO, SÁEZ
46,ABEL, BLANCO, RUIZ
47,ALBINA, NÚÑEZ, SOTO
48,AMELIA, BRAVO, LORENZO
49,LAURA, DÍEZ, ORTIZ
50,CELIA, GIL, ESTEBAN
51,NORBERTO, GIL, NIETO
52,CELSO, VARGAS, CARMONA
53,DONATO, GUTIÉRREZ, VELASCO
54,ROCÍO, SOLER, SANZ
55,ANDREA, MORENO, HERRERO
56,JACOBO, TORRES, CASTRO
57,JOAQUÍM, MONTORO, HERNÁNDEZ
58,CLOTILDE, SANTOS, GALLARDO
59,JORDI, SÁEZ, GARRIDO
60,SIMEÓN, FERNÁNDEZ, VARGAS
61,LEONCIO, ORTEGA, BLESA
62,ADELAIDA, MORALES, SOLER
63,ABDÓN, LÓPEZ, HERRERO
64,ORIOL, MOYA, MÉNDEZ
65,CLARA, PASCUAL, CARRASCO
66,ESTHER, NIETO, AGUILAR
67,BORJA, TORRES, SERRANO
68,SERGIO, JIMÉNEZ, SÁNCHEZ
69,DARIO, MEDINA, SÁNCHEZ
70,NATALIA, NIETO, FERNÁNDEZ
71,TOBÍAS, BLANCO, BRAVO
72,CARMELO, CRESPO, FUENTES
73,CATALINA, FUENTES, MARTÍN
74,AMPARO, GARRIDO, BRAVO
75,EVA, RUIZ, SOLER
76,CÁNDIDA, BRAVO, SOTO
77,CECILIA, MARÍN, MOLINA
78,TEÓFILA, CAMPOS, VARGAS
79,TORIBIO, LOZANO, GARRIDO
80,AURELIANO, GALLARDO, MÁRQUEZ
81,JULIO, MÁRQUEZ, TORRES
82,VICENTE, RAMÍREZ, IGLESIAS
83,FRANCISCO, GIL, CARRASCO
84,GUADALUPE, MÉNDEZ, VÁZQUEZ
85,YOLANDA, ROMÁN, GIMÉNEZ
86,REINALDO, MOLINA, LEÓN
87,ESTEBAN, DÍAZ, SOTO
88,GERTRUDIS, MORALES, MOYA
89,CLEOFÁS, PARRA, HIDALGO
90,FABIÁN, CARMONA, MOLINA
91,ÁLVARO, PRIETO, MOLINA
92,MIQUEAS, SANTIAGO, GALLEGO
93,ALBERT, VIDAL, SOLER
94,TEÓFILA, LEÓN, VÁZQUEZ
95,BEGOÑA, MARTÍN, BRAVO
96,JACOBO, LORENZO, VIDAL
97,FERNANDO, CAMBIL, CASTRO
98,ALIPIO, GIMÉNEZ, ROMÁN
99,BRUNO, SANZ, IBÁÑEZ
100,BÁRBARA, MEDINA, ESTEBAN
101,PRISCILA, CARMONA, CRESPO
102,MARTA, NÚÑEZ, IGLESIAS
103,RENATO, ALONSO, MUÑOZ
104,CASIMIRO, SÁEZ, CABALLERO
105,ADELAIDA, NÚÑEZ, ROMERO
106,LIDUVINA, GARCÍA, MARTÍNEZ
107,PÍO, RUIZ, HERNÁNDEZ
108,TEODORA, ARIAS, HERRERO
109,FABIO, GONZÁLEZ, GUTIÉRREZ
110,ALBERTO, PEÑA, IGLESIAS
111,ALFONSO, SUÁREZ, MOYA
112,LUCANO, GALLARDO, CABALLERO
113,ALFONSO, ARIAS, JIMÉNEZ
114,LINO, SANTANA, IGLESIAS
115,CARMEN, LÓPEZ, SERRANO
116,BENEDICTO, ARIAS, NÚÑEZ
117,ADELAIDA, BLANCO, FERNÁNDEZ
118,LUCANO, RUIZ, PASTOR
119,NIEVES, SANTANA, MÁRQUEZ
120,EMILIA, RODRÍGUEZ, SÁNCHEZ
