1,TARSICIO, VEGA, CANO,CALLE TABASCO ,148,96825,Iztapalapa,15-Apr-2017,apudan0@oracle.com,5587740104,/home/fotos/foto9006.jpg
2,PAULA, CORTÉS, LOZANO,PENNSYLVANIA ,67,52808,Azcapotzalco,28-Nov-2015,sjodlkowski1@mail.ru,5518494334,/home/fotos/foto8869.jpg
3,AURELIA, CABRERA, CALVO,HUERTAS ,494,46656,Iztacalco,04-May-2016,kmcewen2@bbb.org,5534996493,/home/fotos/foto7306.jpg
4,ORIOL, VÁZQUEZ, CAMBIL,CARTILLA ,310,53657,Gustavo A. Madero,15-Jan-2018,shehnke3@nationalgeographic.com,5534653176,/home/fotos/foto9311.jpg
5,JOSEFA, DÍEZ, AGUILAR,CAMPO FLORIDO ,305,37537,Benito Juárez,18-Jun-2016,cswayne4@buzzfeed.com,5503469316,/home/fotos/foto4681.jpg
6,BALDOMERO, DELGADO, CORTÉS,NUEVA TABACHIN ,93,52242,Álvaro Obregón,05-Mar-2016,dprettjohn5@mlb.com,5585198479,/home/fotos/foto0017.jpg
7,EDGAR, CAMPOS, PEÑA,CDA. DE FRANCISCO CASTAÑEDA ,224,47866,Benito Juárez,31-Jul-2017,btatlow6@mapquest.com,5531108966,/home/fotos/foto7034.jpg
8,ROCÍO, RUBIO, RAMÍREZ,YUCATAN ,27,90771,Milpa Alta,24-Jul-2018,gcartmael7@admin.ch,5584494720,/home/fotos/foto4530.jpg
9,CEFERINO, MARTÍNEZ, HIDALGO,CALLEJON PACHECO ,134,51533,Gustavo A. Madero,25-Jun-2015,otharme8@github.com,5556437562,/home/fotos/foto2016.jpg
10,AQUILES, GUERRERO, LORENZO,SAN FRANCISCO ,75,16483,Álvaro Obregón,05-Feb-2017,inorton9@census.gov,5544235709,/home/fotos/foto8964.jpg
11,MERCEDES, CRUZ, SÁEZ,AV. CRISTOBAL HIDALGO ,477,96983,Cuauhtémoc,28-Nov-2017,amcgilvraa@shop-pro.jp,5525842279,/home/fotos/foto4697.jpg
12,MARCELINO, RAMOS, CABRERA,CALLE GARDENIA ,115,57456,Benito Juárez,24-Oct-2018,cpavieb@hubpages.com,5549059965,/home/fotos/foto4547.jpg
13,BONIFACIO, PEÑA, RUIZ,BOLIVAR ,154,68142,Xochimilco,07-Aug-2015,gupwoodc@dagondesign.com,5564591168,/home/fotos/foto8790.jpg
14,DARIO, SÁEZ, CALVO,REAL DE LA ARBOLEDA ,143,55378,Coyoacán,14-Feb-2016,kcritchd@vkontakte.ru,5588868378,/home/fotos/foto5680.jpg
15,LEOCADIA, ROMERO, LEÓN,LAGO PATZCUARO ,149,02904,Tláhuac,02-Apr-2017,nsimonuttie@princeton.edu,5564463023,/home/fotos/foto9834.jpg
16,ÁNGELA, IBÁÑEZ, BRAVO,CALLE CUAUHTEMOC ,6,43593,Benito Juárez,10-Nov-2018,sgreschf@cloudflare.com,5579626352,/home/fotos/foto1799.jpg
17,RAFAEL, RUIZ, CAMPOS,ALDAMA ,258,88153,Azcapotzalco,22-Nov-2018,bcumesg@omniture.com,5585500710,/home/fotos/foto9179.jpg
18,XAVIER, MÁRQUEZ, PASCUAL,LOMA DE GUADALUPE ,175,49552,Azcapotzalco,12-Apr-2018,lpickringh@home.pl,5599345953,/home/fotos/foto8129.jpg
19,TADEO, REYES, MARÍN,ANDADOR PUENTE MONZON ,66,37768,Magdalena Contreras,05-Dec-2015,doshavlani@state.tx.us,5549712799,/home/fotos/foto4676.jpg
20,EULALIA, PARRA, REYES,NESMEL ,252,86909,Venustiano Carranza,12-Jan-2018,cmarioneauj@csmonitor.com,5504152396,/home/fotos/foto3026.jpg
21,GUZMÁN, GUTIÉRREZ, RAMÍREZ,CUAUTITLAN ,26,47803,Azcapotzalco,23-Aug-2017,gcristofork@imageshack.us,5528894542,/home/fotos/foto5850.jpg
22,HONORATO, VICENTE, MOYA,3A. CERRADA DE SOLIDARIDAD ,437,73087,Cuauhtémoc,11-Dec-2015,cspeakel@51.la,5584635062,/home/fotos/foto7910.jpg
23,JUSTINO, SANTOS, IGLESIAS,GUERRERO ,271,41362,Iztacalco,12-May-2015,zmuckersiem@surveymonkey.com,5506528640,/home/fotos/foto2068.jpg
24,ALEJANDRO, SANTIAGO, SANTIAGO,SUR 67 ,298,90021,Tlalpan,28-Oct-2015,ialcottn@google.de,5503515212,/home/fotos/foto2105.jpg
25,MARCOS, CARMONA, MORA,CALLE 8 ,199,87308,Tlalpan,04-Jun-2017,rbrockingo@smugmug.com,5592743514,/home/fotos/foto0408.jpg
26,ALFONSO, RODRÍGUEZ, FLORES,CONVENTO ,446,99489,Iztapalapa,30-Jan-2017,nbarefootp@mac.com,5510682780,/home/fotos/foto6816.jpg
27,BENEDICTO, ESTEBAN, FERRER,BRUSELAS ,364,57130,Iztapalapa,26-Jan-2017,scarlssonq@phoca.cz,5564249995,/home/fotos/foto5174.jpg
28,HOMERO, HIDALGO, GIL,PRIVADA AZOYAPAN ,481,54904,Cuajimalpa de Morelos,04-Oct-2018,hkarler@huffingtonpost.com,5541566546,/home/fotos/foto0293.jpg
29,TARSICIO, IGLESIAS, TORRES,EJIDO MAGDALENA PETLACALCO ,23,36599,Milpa Alta,17-Jan-2015,khousbys@networkadvertising.org,5535882652,/home/fotos/foto5182.jpg
30,BENJAMÍN, MONTERO, RODRÍGUEZ,AMAPOLA ,188,38731,Xochimilco,18-Jul-2016,wlackneyt@theguardian.com,5509134520,/home/fotos/foto3729.jpg
31,BRUNO, NIETO, LEÓN,RAFAEL CRAVIOTO ,402,16362,Cuauhtémoc,20-Apr-2015,hmaccrossanu@yahoo.com,5590025377,/home/fotos/foto5967.jpg
32,FIDEL, GUTIÉRREZ, DELGADO,CORUÑA ,57,38196,Coyoacán,26-Dec-2016,vallinv@blogger.com,5547980226,/home/fotos/foto5333.jpg
33,GUZMÁN, PEÑA, SANTANA,JUAN SANCHEZ AZCONA ,259,51694,Tláhuac,22-Mar-2016,nwilemanw@unesco.org,5563510033,/home/fotos/foto3401.jpg
34,YOLANDA, GARCÍA, CABRERA,CERRADA DE CANAL NACIONAL ,397,86702,Tlalpan,12-Jul-2016,kgullyx@joomla.org,5542105191,/home/fotos/foto3110.jpg
35,MARINA, GALLEGO, MOLINA,NICOLAS BRAVO ,399,11075,Iztacalco,10-Feb-2018,sscudy@cnn.com,5525995691,/home/fotos/foto7029.jpg
36,ANSELMO, MÉNDEZ, GUERRERO,BOSQUES DE BOHEMIA ,55,57460,Iztacalco,17-Mar-2016,rseysz@house.gov,5595222670,/home/fotos/foto2315.jpg
37,ÁNGELES, CAMBIL, CABALLERO,AV. CASTILLO DE CHAPULTEPEC ,271,48791,Álvaro Obregón,16-Apr-2018,mberrane10@joomla.org,5599945472,/home/fotos/foto8744.jpg
38,VENANCIO, CABALLERO, MOYA,ONCE MARTIRES ,372,37849,Magdalena Contreras,11-Apr-2015,okeave11@vinaora.com,5547233331,/home/fotos/foto9817.jpg
39,VIRGINIA, FERRER, HERRERO,PINO ,87,34727,Benito Juárez,08-Jul-2018,ffocke12@aboutads.info,5570196627,/home/fotos/foto6428.jpg
40,VÍCTOR, DÍAZ, ESTEBAN,XOCHIQUETZAL ,431,44237,Milpa Alta,02-Mar-2017,sfreeberne13@imdb.com,5546667833,/home/fotos/foto8680.jpg
41,PURIFICACIÓN, JIMÉNEZ, CRESPO,HIGUERA NUMERO ,87,52318,Azcapotzalco,23-Dec-2016,rdelgaty14@quantcast.com,5566208336,/home/fotos/foto8082.jpg
42,JOAQUÍN, REY, SÁNCHEZ,AILE ,393,98754,Venustiano Carranza,16-Aug-2017,ctonbridge15@mapy.cz,5522250409,/home/fotos/foto4401.jpg
43,OTO, PARRA, PÉREZ,ALCATRAZ ,397,09146,Magdalena Contreras,31-Mar-2015,atayspell16@hc360.com,5526492029,/home/fotos/foto6442.jpg
44,CASIANO, SÁEZ, AGUILAR,PENNSYLVANIA ,381,94177,Coyoacán,10-Feb-2016,cshallcroff17@upenn.edu,5540743374,/home/fotos/foto4241.jpg
45,HILDEGARDA, CANO, CRUZ,CDA. DE FRANCISCO CASTAÑEDA ,254,65286,Xochimilco,10-Sep-2018,hburel18@domainmarket.com,5503862967,/home/fotos/foto2523.jpg
46,MATÍAS, MÁRQUEZ, MEDINA,MONROVIA ,281,05746,Gustavo A. Madero,28-Sep-2016,baaronsohn19@arstechnica.com,5509795631,/home/fotos/foto8885.jpg
47,ADRIÁN, ORTIZ, HERRERO,TENTEL ,321,62529,Álvaro Obregón,11-Mar-2016,lcamillo1a@phpbb.com,5547380374,/home/fotos/foto3267.jpg
48,ABRAHÁN, NAVARRO, MÉNDEZ,CDA DE MINAS ,59,28281,Xochimilco,01-Sep-2015,rfarnhill1b@umich.edu,5558948900,/home/fotos/foto1125.jpg
49,LAURA, CARRASCO, CAMBIL,20 DE NOVIEMBRE ,252,39465,Miguel Hidalgo,03-Jul-2015,broloff1c@fastcompany.com,5502402030,/home/fotos/foto1919.jpg
50,CAMILO, IGLESIAS, REY,CITILCUN ,262,91567,Venustiano Carranza,01-May-2016,clarosa1d@techcrunch.com,5521905576,/home/fotos/foto1812.jpg
51,GREGORIO, GARCÍA, NAVARRO,ONOFRE CAPETO ,270,00049,Iztacalco,07-Sep-2018,lcammidge1e@ft.com,5551042173,/home/fotos/foto0844.jpg
52,JORGE, FLORES, ROMÁN,PONIENTE 22 ,105,86234,Coyoacán,14-May-2017,ikesterton1f@dot.gov,5520951361,/home/fotos/foto1240.jpg
53,CLARA, SANTIAGO, IGLESIAS,LA VENTA CLAUSTRO TULIPANES ,425,38295,Miguel Hidalgo,31-Jul-2017,sdarington1g@nature.com,5502033019,/home/fotos/foto9574.jpg
54,ROQUE, ROMÁN, CABRERA,RODOLFO FIERRO ,442,49856,Miguel Hidalgo,04-Mar-2018,skirlin1h@pcworld.com,5523581185,/home/fotos/foto9370.jpg
55,PORFIRIO, MORA, GIMÉNEZ,HDA DE JILOTEPC ,345,73618,Miguel Hidalgo,23-Jul-2016,vtrineman1i@pagesperso-orange.fr,5545711601,/home/fotos/foto6734.jpg
56,FRANCISCA, NIETO, GUERRERO,SANTA ANA ,427,37902,Milpa Alta,13-Aug-2017,rdumingos1j@creativecommons.org,5563854105,/home/fotos/foto6397.jpg
57,OSEAS, VICENTE, JIMÉNEZ,AV. ZACAMULPA ,61,23150,Coyoacán,25-Dec-2017,rganiford1k@rakuten.co.jp,5515429579,/home/fotos/foto3795.jpg
58,RENATO, SUÁREZ, IBÁÑEZ,CALLE 5 DE MAYO ,260,84767,Cuajimalpa de Morelos,10-Dec-2018,spaul1l@prnewswire.com,5595298045,/home/fotos/foto8836.jpg
59,ORIOL, RAMÍREZ, PASTOR,CIRCUITO PLAZA DE LA PAJA ,285,97872,Gustavo A. Madero,07-Mar-2017,dpawlata1m@ezinearticles.com,5555041714,/home/fotos/foto6360.jpg
60,ALIPIO, CRUZ, VICENTE,PRIMERA AVENIDA ,270,02388,Miguel Hidalgo,29-Mar-2016,drathbone1n@weebly.com,5575590783,/home/fotos/foto4689.jpg
61,NORBERTO, NAVARRO, REY,PALOMAR ,180,43870,Álvaro Obregón,26-Feb-2016,nalekhov1o@blinklist.com,5581054107,/home/fotos/foto1387.jpg
62,SIMEÓN, CABALLERO, CABALLERO,PROL. LUCAS ALAMAN ,176,10901,Iztacalco,09-Dec-2015,pleball1p@globo.com,5590581416,/home/fotos/foto3195.jpg
63,SIXTO, MORA, CALVO,CALANDRIA ,106,65752,Venustiano Carranza,27-Jun-2015,dbenion1q@arstechnica.com,5519650490,/home/fotos/foto3668.jpg
64,GUADALUPE, VARGAS, CABRERA,TORTUGA ,307,64266,Milpa Alta,21-Aug-2016,spadberry1r@ustream.tv,5514968915,/home/fotos/foto1151.jpg
65,LEONCIO, GUTIÉRREZ, CABRERA,CDA. DE FRESNO ,275,04958,Álvaro Obregón,21-Jan-2016,avittery1s@google.co.jp,5595070400,/home/fotos/foto6880.jpg
66,MELCHOR, CRUZ, IBÁÑEZ,CDA. DE FRESNO ,215,71241,Magdalena Contreras,15-Jan-2015,llowis1t@google.de,5542929158,/home/fotos/foto9520.jpg
67,BALDOMERO, FUENTES, AGUILAR,AV. UNIVERSIDAD ,41,75551,Álvaro Obregón,07-Oct-2017,ebresson1u@xing.com,5578524873,/home/fotos/foto1436.jpg
68,VIDAL, LORENZO, FERRER,CAMPESI,228,06751,Coyoacán,19-Jul-2018,agrimmett1v@acquirethisname.com,5534747484,/home/fotos/foto2533.jpg
69,ARTURO, SANTANA, MEDINA,AVENIDA SAN JERONIMO ,159,75517,Tlalpan,11-Nov-2018,phawthorne1w@miitbeian.gov.cn,5508112214,/home/fotos/foto6494.jpg
70,IVÁN, VICENTE, NAVARRO,CAMPESI,422,97621,Coyoacán,03-May-2016,swicklin1x@arstechnica.com,5545962070,/home/fotos/foto3755.jpg
71,CECILIA, FUENTES, GUTIÉRREZ,TONATIUH ,471,24837,Venustiano Carranza,18-Feb-2017,drodders1y@senate.gov,5582061652,/home/fotos/foto9941.jpg
72,ACACIO, CABRERA, MORENO,MIGUEL NEGRETE ,267,37098,Miguel Hidalgo,03-Jun-2016,hinstrell1z@un.org,5579593952,/home/fotos/foto1103.jpg
73,SANDRA, BLANCO, MÁRQUEZ,BUENA VISTA ,438,71967,Álvaro Obregón,19-Nov-2016,ymcrill20@tamu.edu,5542436384,/home/fotos/foto3648.jpg
74,PORFIRIO, HERNÁNDEZ, NAVARRO,HOPELCHEN ,399,88560,Milpa Alta,01-Oct-2017,tmulgrew21@gizmodo.com,5586887744,/home/fotos/foto3433.jpg
75,XAVIER, SOLER, HERRERO,JOSEFA ORTIZ DE DOMINGUEZ ,232,54859,Venustiano Carranza,09-Mar-2017,cashurst22@elegantthemes.com,5511812138,/home/fotos/foto7528.jpg
76,EDUVIGIS, CRESPO, CORTÉS,SUR 113 A ,253,22960,Álvaro Obregón,24-Mar-2018,hbeckinsale23@ucoz.com,5590509087,/home/fotos/foto6757.jpg
77,VICENTE, CASTRO, MÁRQUEZ,OBRERO MUNDIAL ,10,33374,Magdalena Contreras,29-Dec-2017,fstoak24@kickstarter.com,5518025183,/home/fotos/foto3657.jpg
78,ANTERO, GALLEGO, GALLARDO,HUITZILIN ,223,43978,Cuajimalpa de Morelos,07-Feb-2017,nnewband25@w3.org,5506329222,/home/fotos/foto7222.jpg
79,JACOB, NIETO, RAMÍREZ,IXTLE ,416,62467,Cuajimalpa de Morelos,25-Feb-2015,emaiden26@ovh.net,5572972199,/home/fotos/foto1074.jpg
80,ORESTES, VELASCO, ROMERO,JAMES MONROE ,99,51105,Venustiano Carranza,10-Jun-2016,wskelding27@businesswire.com,5570858475,/home/fotos/foto0508.jpg
81,SANDRA, IGLESIAS, GUTIÉRREZ,SUR 113 A ,313,24536,Azcapotzalco,06-May-2018,jdaspar28@mapquest.com,5599071605,/home/fotos/foto8707.jpg
82,CLARA, MARTÍNEZ, VEGA,MOCTEZUMA ,287,90695,Milpa Alta,06-Dec-2017,arutty29@imdb.com,5534287693,/home/fotos/foto9048.jpg
83,DEMÓCRITO, NAVARRO, JIMÉNEZ,LICENCIADO VERDAD ,314,03023,Cuauhtémoc,10-Jan-2016,nvallentin2a@un.org,5598112025,/home/fotos/foto3057.jpg
84,CELINA, GIL, BRAVO,ROSAS ,212,50622,Iztacalco,30-Mar-2017,lclemenza2b@goodreads.com,5502689436,/home/fotos/foto6541.jpg
85,HONORIO, DELGADO, DOMÍNGUEZ,OLAS ALTAS ,344,43937,Cuajimalpa de Morelos,18-May-2015,mtilbey2c@123-reg.co.uk,5525102072,/home/fotos/foto5138.jpg
86,EUGENIA, DÍAZ, CARRASCO,FRES,210,76319,Tláhuac,12-Jul-2015,adomeney2d@nytimes.com,5584534165,/home/fotos/foto1654.jpg
87,MARCELO, RAMOS, SANTOS,MONROVIA ,308,89656,Benito Juárez,05-Jul-2015,abringloe2e@over-blog.com,5565060050,/home/fotos/foto8687.jpg
88,JOSÉ, MEDINA, JIMÉNEZ,BUENA SUERTE ,148,00535,Gustavo A. Madero,23-Mar-2015,kgreschik2f@tuttocitta.it,5540092169,/home/fotos/foto7453.jpg
89,FRANCISCO, HERRERA, GALLARDO,NESMEL ,384,28851,Gustavo A. Madero,17-May-2015,tveque2g@sciencedaily.com,5545175888,/home/fotos/foto2034.jpg
90,FEDERICO, IGLESIAS, ORTIZ,PIEDRAS NEGRAS ,413,25471,Magdalena Contreras,16-Apr-2017,cbrierton2h@usgs.gov,5596671688,/home/fotos/foto7978.jpg
91,ALICIA, RUBIO, MARÍN,SAN MARCOS ,217,24642,Benito Juárez,03-Jun-2018,abarmadier2i@infoseek.co.jp,5576199607,/home/fotos/foto5780.jpg
92,CAROLINA, GARRIDO, GONZÁLEZ,RIO PAPAGALLO ,405,53623,Milpa Alta,01-Sep-2016,cshoebottom2j@cam.ac.uk,5575283211,/home/fotos/foto2289.jpg
93,SALOMÉ, BRAVO, IGLESIAS,MUNICIPIO LIBRE ,116,32516,Venustiano Carranza,01-Jul-2018,vearles2k@prnewswire.com,5541879344,/home/fotos/foto5008.jpg
94,SOFÍA, FERRER, LÓPEZ,SANTA ANA ,444,24396,Xochimilco,24-Jun-2017,swoollam2l@marriott.com,5588616784,/home/fotos/foto8916.jpg
95,LINO, SOTO, ALONSO,VIVEROS DE ASIS ,174,80653,Miguel Hidalgo,27-Jun-2018,rhun2m@va.gov,5574431348,/home/fotos/foto6767.jpg
96,PASCUAL, SANZ, CABALLERO,AMEZQUITE ,328,23541,Miguel Hidalgo,30-Mar-2018,kmckeating2n@booking.com,5590750588,/home/fotos/foto5150.jpg
97,IVÁN, CASTILLO, SANTOS,TENAYUCA ,288,79391,Cuauhtémoc,27-Nov-2017,imeenan2o@g.co,5548499908,/home/fotos/foto6234.jpg
98,ELÍAS, ROMERO, MOLINA,ANDADOR ANTONIO RULLAN FERRER ,363,66243,Venustiano Carranza,15-Nov-2017,rcowle2p@flavors.me,5513217402,/home/fotos/foto2765.jpg
99,RUBÉN, MORENO, MEDINA,PARAJE ,134,48290,Magdalena Contreras,23-Aug-2015,cbullard2q@huffingtonpost.com,5539520186,/home/fotos/foto0869.jpg
100,SALVADOR, CASTILLO, SÁEZ,LERDO ,301,88901,Xochimilco,26-Sep-2018,vbemlott2r@icio.us,5514466147,/home/fotos/foto6593.jpg
101,BORJA, VEGA, BENÍTEZ,RETORNO 9 DE TRONCOSO ,429,21904,Magdalena Contreras,04-Jul-2016,jmenilove2s@scientificamerican.com,5539802212,/home/fotos/foto8798.jpg
102,ESTHER, CRUZ, SANTOS,VALLE PASSOS ,260,80836,Iztacalco,25-Mar-2015,amusk2t@sun.com,5513225994,/home/fotos/foto2028.jpg
103,PATRICIO, MONTORO, HIDALGO,BUENA VISTA ,200,00783,Magdalena Contreras,18-Jul-2018,jburchfield2u@noaa.gov,5579569580,/home/fotos/foto8977.jpg
104,ENRIQUE, VARGAS, LEÓN,TORRES QUINTERO ,425,50511,Xochimilco,20-Oct-2016,slangrick2v@arstechnica.com,5526850628,/home/fotos/foto4326.jpg
105,ESTEBAN, BENÍTEZ, FUENTES,SUR 22 ,383,55025,Venustiano Carranza,03-May-2016,sleitche2w@canalblog.com,5557810487,/home/fotos/foto6890.jpg
106,ADOLFO, SUÁREZ, DOMÍNGUEZ,FRES,398,83604,Tláhuac,16-Jan-2017,acampsall2x@howstuffworks.com,5590881838,/home/fotos/foto3320.jpg
107,ANNA, CASTRO, SOTO,FERNANDO MONTES DE OCA ,52,41954,Iztacalco,11-Oct-2016,agianni2y@godaddy.com,5589968659,/home/fotos/foto2879.jpg
108,CONRADO, SANTOS, ROMERO,CANAL SECO ,10,34237,Milpa Alta,01-Dec-2016,ausmar2z@wix.com,5567665576,/home/fotos/foto7185.jpg
109,DONATO, CABALLERO, FERNÁNDEZ,SUR 67 ,208,87311,Iztapalapa,11-Apr-2018,dmahon30@aol.com,5525854559,/home/fotos/foto3801.jpg
110,EDUARDO, SANTOS, GIMÉNEZ,CAOBA ,172,80357,Xochimilco,03-Mar-2016,mbow31@aboutads.info,5548085535,/home/fotos/foto1183.jpg
111,MAURICIO, RAMOS, MOYA,BOULEVARD MALINTZI ,498,29656,Azcapotzalco,21-Jul-2015,pdauney32@usgs.gov,5587258290,/home/fotos/foto3103.jpg
112,JACOBO, NIETO, MOLINA,DURANGO ,477,87281,Miguel Hidalgo,19-Nov-2015,shovel33@blog.com,5521417080,/home/fotos/foto0408.jpg
113,INÉS, GIL, GIMÉNEZ,MIGUEL NEGRETE ,394,39816,Tlalpan,24-Apr-2017,pvokes34@simplemachines.org,5523987796,/home/fotos/foto8385.jpg
114,ORIOL, ORTIZ, PASTOR,PROL TAMAURILPAS ,200,48402,Milpa Alta,18-Mar-2015,rbremen35@ed.gov,5554587077,/home/fotos/foto8944.jpg
115,SANTIAGO, SUÁREZ, FLORES,CDA. APETLATIPAC ,86,99163,Gustavo A. Madero,15-Oct-2018,awhardley36@seattletimes.com,5548209974,/home/fotos/foto9164.jpg
116,JERÓNIMO, VELASCO, SÁEZ,OLIVO ,50,23530,Venustiano Carranza,20-Oct-2018,mgullivan37@nbcnews.com,5502352147,/home/fotos/foto9035.jpg
117,SANDRA, BRAVO, BENÍTEZ,PROL TAMAURILPAS ,160,00459,Xochimilco,28-Nov-2018,oplues38@spiegel.de,5567031919,/home/fotos/foto7560.jpg
118,DIMAS, FERRER, VÁZQUEZ,FRANCISCO SARABIA ,186,01974,Coyoacán,05-Nov-2018,mnewport39@shareasale.com,5567130835,/home/fotos/foto0049.jpg
119,GERMÁN, MORA, FUENTES,ESMERALDA ,92,28205,Cuauhtémoc,09-Oct-2018,oreynish3a@wikipedia.org,5521934642,/home/fotos/foto9272.jpg
120,FÉLIX, FERRER, FUENTES,GUERRILLERA ,352,54659,Magdalena Contreras,12-Jan-2015,grathbone3b@moonfruit.com,5501123022,/home/fotos/foto2317.jpg
121,BONIFACIO, CABRERA, CABALLERO,FERRARA ,374,59844,Iztacalco,30-Oct-2018,jtrimmell3c@unesco.org,5581353251,/home/fotos/foto8753.jpg
122,CLEOFÁS, PEÑA, BLANCO,AV. RIO FRIO ,273,99397,Miguel Hidalgo,29-Aug-2016,akurth3d@shutterfly.com,5542433320,/home/fotos/foto4718.jpg
123,BLANCA, CARMONA, SANTOS,CRISTOBAL COLON ,449,11562,Iztapalapa,18-Apr-2017,ahickford3e@cdbaby.com,5501077159,/home/fotos/foto7689.jpg
124,AURELIANO, DELGADO, PEÑA,CAMINO REAL AL AJUSCO ,349,59626,Azcapotzalco,21-Sep-2017,qbengall3f@vk.com,5505903060,/home/fotos/foto1921.jpg
125,ARIADNA, BENÍTEZ, BRAVO,ANDADOR PUENTE MONZON ,16,73721,Xochimilco,20-Feb-2017,smarsden3g@yellowbook.com,5538873221,/home/fotos/foto3232.jpg
126,EDGAR, PASTOR, SOTO,NICOLAS BRAVO ,90,20419,Tlalpan,07-Nov-2018,bhulance3h@free.fr,5549300026,/home/fotos/foto7414.jpg
127,ASCENSIÓN, FLORES, GARRIDO,CDA. DE FRANCISCO CASTAÑEDA ,291,35013,Iztapalapa,11-Sep-2016,kbarthelmes3i@biglobe.ne.jp,5532276050,/home/fotos/foto9633.jpg
128,TRINIDAD, CASTRO, HERRERA,BOULEVARD MALINTZI ,311,09178,Miguel Hidalgo,08-Mar-2018,jwixey3j@hubpages.com,5568082540,/home/fotos/foto7653.jpg
129,HELIODORO, CASTRO, PARRA,PRIV. CALLE 9 ,231,34276,Cuajimalpa de Morelos,06-Jan-2017,mfurzer3k@shinystat.com,5500225510,/home/fotos/foto4407.jpg
130,FELIPE, HIDALGO, BLESA,AV. SAN PABLO XALPA ,226,76104,Magdalena Contreras,06-Jul-2017,epahlsson3l@archive.org,5573705740,/home/fotos/foto1675.jpg
131,CRISTINA, BLANCO, HERNÁNDEZ,CALLE 1 ,339,21539,Azcapotzalco,19-Feb-2017,akentwell3m@china.com.cn,5537716463,/home/fotos/foto3569.jpg
132,OCTAVIO, MORA, VARGAS,MAR JONICO ,67,59055,Cuajimalpa de Morelos,19-Oct-2017,sbeckensall3n@google.com.au,5553156377,/home/fotos/foto5237.jpg
133,ELÍAS, SANTANA, DOMÍNGUEZ,PROVIDENCIA ,157,79979,Azcapotzalco,22-Nov-2018,uballe3o@acquirethisname.com,5591471938,/home/fotos/foto9459.jpg
134,CAROLINA, MARTÍN, GUTIÉRREZ,SANTA ANA ,147,39159,Cuajimalpa de Morelos,25-Mar-2016,cslipper3p@irs.gov,5576446509,/home/fotos/foto0996.jpg
135,CRISTINA, SANTANA, TORRES,AV. LA HUERTA ,220,61672,Milpa Alta,23-Jan-2018,obilbie3q@geocities.jp,5558194678,/home/fotos/foto2961.jpg
136,RAMIRO, SANTANA, PRIETO,VILLA FRATI ,441,09299,Miguel Hidalgo,28-Jul-2017,dfelgate3r@quantcast.com,5554940142,/home/fotos/foto1011.jpg
137,NARCISO, MARTÍN, DÍEZ,PROL. LUCAS ALAMAN ,172,10858,Cuajimalpa de Morelos,21-Mar-2016,bechallie3s@google.co.uk,5564193575,/home/fotos/foto5217.jpg
138,ISMAEL, ÁLVAREZ, SOTO,VILLA DE CUITLAHUAC ,372,78942,Iztacalco,20-Feb-2018,chailey3t@ucoz.com,5539578744,/home/fotos/foto0522.jpg
139,LEÓN, GUERRERO, MARÍN,TEJAMANIL ,382,03540,Coyoacán,23-Sep-2015,idorracott3u@gravatar.com,5525014333,/home/fotos/foto7316.jpg
140,ROBERTO, DÍAZ, CRUZ,CALLE 1 ,463,13951,Venustiano Carranza,07-Aug-2015,agladhill3v@twitter.com,5509040021,/home/fotos/foto3605.jpg
141,ARESIO, SÁEZ, DOMÍNGUEZ,NEZAHUALCOYOTL ,374,03292,Gustavo A. Madero,05-Apr-2018,emotion3w@163.com,5584987427,/home/fotos/foto5534.jpg
142,CAMILO, GALLEGO, HERRERO,EX. HACIENDA SAN CAYETANO ,105,38333,Coyoacán,03-Jan-2017,ghowcroft3x@blinklist.com,5531353226,/home/fotos/foto4761.jpg
143,GENOVEVA, NIETO, VEGA,JOSE SAAVEDRA DEL RAZO ,145,19507,Venustiano Carranza,06-Dec-2018,wsanney3y@nationalgeographic.com,5508717671,/home/fotos/foto9180.jpg
144,ERNESTO, PÉREZ, VICENTE,CALLE MONTEALEGRE ,494,64475,Tláhuac,16-Mar-2017,csoutherns3z@elpais.com,5594989772,/home/fotos/foto5071.jpg
145,GREGORIO, ORTIZ, GIL,DISTRITO EL PLAN ,317,39137,Magdalena Contreras,02-Nov-2017,jhoult40@patch.com,5552447821,/home/fotos/foto7098.jpg
146,LUCAS, SANTANA, MARTÍNEZ,BUENA VISTA ,441,77637,Tlalpan,17-Sep-2017,jflann41@eepurl.com,5585589412,/home/fotos/foto4762.jpg
147,DIMAS, MONTORO, LÓPEZ,GUIPUZCOA ,433,63203,Azcapotzalco,05-May-2018,ksaunier42@techcrunch.com,5528247971,/home/fotos/foto3561.jpg
148,FRANCESC, MARTÍNEZ, GÓMEZ,AV MEXICO ,59,14406,Azcapotzalco,14-Jan-2016,khuggins43@weibo.com,5518239677,/home/fotos/foto1914.jpg
149,HOMERO, ORTIZ, DOMÍNGUEZ,CIPRES ,8,98161,Venustiano Carranza,05-Oct-2017,mpickthorne44@youku.com,5555869496,/home/fotos/foto4965.jpg
150,ALIPIO, VEGA, ORTIZ,NULL ,214,10797,Miguel Hidalgo,15-Jun-2017,pcattel45@mapquest.com,5508711629,/home/fotos/foto0915.jpg
